Sentence,Labels
"Because of the following factors, as well as other factors affecting the Company&#8217;s results of operations and financial condition, past financial performance should not be considered to be a reliable indicator of future performance, and investors should not use historical trends to anticipate results or trends in future periods.","Failed Internal Processes: Process Design/Execution, Actions of People: Deliberate, External Events: Impacts, External Events: Threats"
"This section should be read in conjunction with Part II, Item 7, &#8220;Management&#8217;s Discussion and Analysis of Financial Condition and Results of Operations&#8221; and the consolidated financial statements and accompanying notes in Part II, Item 8, &#8220;Financial Statements and Supplementary Data&#8221; of this Form 10-K.",None
"Macroeconomic and Industry Risks 

The Company&#8217;s operations and performance depend significantly on global and regional economic conditions and adverse economic conditions can materially adversely affect the Company&#8217;s business, results of operations and financial condition.","External Events: Threats, External Events: Impacts"
"In addition, the Company&#8217;s global supply chain is large and complex and a majority of the Company&#8217;s supplier facilities, including manufacturing and assembly sites, are located outside the U.S. As a result, the Company&#8217;s operations and performance depend significantly on global and regional economic conditions.","External Events: Impacts, Actions of People: Deliberate, Failed Internal Processes: Process Design/Execution, External Events: Threats, Actions of People: Inadvertent"
"The Company&#8217;s business can be impacted by political events, trade and other international disputes, war, terrorism, natural disasters, public health issues, industrial accidents and other business interruptions.","External Events: Threats, External Events: Impacts"
"Political events, trade and other international disputes, war, terrorism, natural disasters, public health issues, industrial accidents and other business interruptions can harm or disrupt international commerce and the global economy, and could have a material adverse effect on the Company and its customers, suppliers, contract manufacturers, logistics providers, distributors, cellular network carriers and other channel partners.","External Events: Threats, External Events: Impacts"
"Substantially all of the Company&#8217;s manufacturing is performed in whole or in part by outsourcing partners located primarily in China mainland, India, Japan, South Korea, Taiwan and Vietnam.","Actions of People: Deliberate, External Events: Impacts"
"Restrictions on international trade, such as tariffs and other controls on imports or exports of goods, technology or data, can materially adversely affect the Company&#8217;s operations and supply chain and limit the Company&#8217;s ability to offer and distribute its products and services to customers.","External Events: Impacts, External Events: Threats"
The impact can be particularly significant if these restrictive measures apply to countries and regions where the Company derives a significant portion of its revenues and/or has significant supply chain operations.,"External Events: Impacts, External Events: Threats"
"Restrictive measures can require the Company to take various actions, including changing suppliers, restructuring business relationships, and ceasing to offer third-party applications on its platforms.",External Events: Threats
"In addition, such operations and facilities are subject to the risk of interruption by fire, power shortages, nuclear power plant accidents and other industrial accidents, terrorist attacks and other hostile acts, ransomware and other cybersecurity attacks, labor disputes, public health issues, including pandemics such as the COVID-19 pandemic, and other events beyond the Company&#8217;s control.","External Events: Threats, External Events: Impacts"
"While the Company&#8217;s suppliers are required to maintain safe working environments and operations, an industrial accident could occur and could result in serious injuries or loss of life, disruption to the Company&#8217;s business, and harm to the Company&#8217;s reputation.",External Events: Threats
"Major public health issues, including pandemics such as the COVID-19 pandemic, have adversely affected, and could in the future materially adversely affect, the Company due to their impact on the global economy and demand for consumer products; the imposition of protective public safety measures, such as stringent employee travel restrictions and limitations on freight services and the movement of products between regions; and disruptions in the Company&#8217;s operations, supply chain and sales and distribution channels, resulting in interruptions to the supply of current products and offering of existing services, and delays in production ramps of new products and development of new services.","External Events: Impacts, External Events: Threats, Failed Internal Processes: Vendor/Third-Party, Actions of People: Deliberate, Failed Internal Processes: Process Design/Execution"
"While the Company maintains insurance coverage for certain types of losses, such insurance coverage may be insufficient to cover all losses that may arise.",None
"The Company&#8217;s products and services are offered in highly competitive global markets characterized by aggressive price competition and resulting downward pressure on gross margins, frequent introduction of new products and services, short product life cycles, evolving industry standards, continual improvement in product price and performance characteristics, rapid adoption of technological advancements by competitors, and price sensitivity on the part of consumers and businesses.",External Events: Impacts
"The Company designs and develops nearly the entire solution for its products, including the hardware, operating system, numerous software applications and related services.",None
"The Company faces substantial competition in these markets from companies that have significant technical, marketing, distribution and other resources, as well as established hardware, software and digital content supplier relationships.",External Events: Threats
"Certain competitors have the resources, experience or cost structures to provide products at little or no profit or even at a loss.",None
The Company also competes with illegitimate means to obtain third-party digital content and applications.,"External Events: Threats, External Events: Impacts"
"The Company&#8217;s business, results of operations and financial condition depend substantially on the Company&#8217;s ability to continually improve its products and services to maintain their functional and design advantages.",None
"The success of new product and service introductions depends on a number of factors, including timely and successful development, market acceptance, the Company&#8217;s ability to manage the risks associated with new technologies and production ramp-up issues, the availability of application software for the Company&#8217;s products, the effective management of purchase commitments and inventory levels in line with anticipated product demand, the availability of products in appropriate quantities and at expected costs to meet anticipated demand, and the risk that new products and services may have quality or other defects or deficiencies.",None
"The Company depends on component and product manufacturing and logistical services provided by outsourcing partners, many of which are located outside of the U.S.",External Events: Impacts
"Substantially all of the Company&#8217;s manufacturing is performed in whole or in part by outsourcing partners located primarily in China mainland, India, Japan, South Korea, Taiwan and Vietnam, and a significant concentration of this manufacturing is currently performed by a small number of outsourcing partners, often in single locations.",Actions of People: Deliberate
Changes or additions to the Company&#8217;s supply chain require considerable time and resources and involve significant risks and uncertainties.,None
The Company has also outsourced much of its transportation and logistics management.,External Events: Impacts
"Apple Inc. | 2023 Form 10-K | 7 

The Company relies on single-source outsourcing partners in the U.S., Asia and Europe to supply and manufacture many components, and on outsourcing partners primarily located in Asia, for final assembly of substantially all of the Company&#8217;s hardware products.",Actions of People: Deliberate
"The Company has invested in manufacturing process equipment, much of which is held at certain of its outsourcing partners, and has made prepayments to certain of its suppliers associated with long-term supply agreements.",None
"While these arrangements help ensure the supply of components and finished goods, if these outsourcing partners or suppliers experience severe financial problems or other disruptions in their business, such continued supply can be reduced or terminated, and the recoverability of manufacturing process equipment or prepayments can be negatively impacted.","External Events: Threats, External Events: Impacts, Actions of People: Deliberate"
Such disruptions could occur in the future.,"External Events: Threats, External Events: Impacts"
"The effects of global or regional economic conditions on the Company&#8217;s suppliers, described in &#8220; The Company&#8217;s operations and performance depend significantly on global and regional economic conditions and adverse economic conditions can materially adversely affect the Company&#8217;s business, results of operations and financial condition, &#8221; above, can also affect the Company&#8217;s ability to obtain components .","External Events: Threats, External Events: Impacts"
"When a component or product uses new technologies, initial capacity constraints may exist until the suppliers&#8217; yields have matured or their manufacturing capacities have increased.",None
"When the Company&#8217;s supply of components for a new or existing product has been delayed or constrained, or when an outsourcing partner has delayed shipments of completed products to the Company, the Company&#8217;s business, results of operations and financial condition have been adversely affected and future delays or constraints could materially adversely affect the Company&#8217;s business, results of operations and financial condition.","External Events: Threats, Failed Internal Processes: Vendor/Third-Party, External Events: Impacts, Actions of People: Deliberate, Failed Internal Processes: Process Design/Execution"
"The Company&#8217;s business and financial performance could also be materially adversely affected depending on the time required to obtain sufficient quantities from the source, or to identify and obtain sufficient quantities from an alternative source.","External Events: Impacts, External Events: Threats, Failed Internal Processes: Vendor/Third-Party"
The Company&#8217;s products and services may be affected from time to time by design and manufacturing defects that could materially adversely affect the Company&#8217;s business and result in harm to the Company&#8217;s reputation.,None
The Company offers complex hardware and software products and services that can be affected by design and manufacturing defects.,"Systems and Technology Failures: Hardware, Systems and Technology Failures: Software"
"Sophisticated operating system software and applications, such as those offered by the Company, often have issues that can unexpectedly interfere with the intended operation of hardware or software products and services.","Systems and Technology Failures: Software, Systems and Technology Failures: Hardware"
"In addition, the Company&#8217;s service offerings can have quality issues and from time to time experience outages, service slowdowns or errors.",None
"There can be no assurance the Company will be able to detect and fix all issues and defects in the hardware, software and services it offers.","Systems and Technology Failures: Hardware, Systems and Technology Failures: Software"
Failure to do so can result in widespread technical and performance issues affecting the Company&#8217;s products and services.,"Actions of People: Deliberate, Failed Internal Processes: Process Design/Execution, Systems and Technology Failures: Software"
"Quality problems can also adversely affect the experience for users of the Company&#8217;s products and services, and result in harm to the Company&#8217;s reputation, loss of competitive advantage, poor market acceptance, reduced demand for products and services, delay in new product and service introductions and lost sales.",None
"Although the Company believes its inventory, capital assets, inventory prepayments and other assets and purchase commitments are currently recoverable, there can be no assurance the Company will not incur write-downs, fees, impairments and other charges given the rapid and unpredictable pace of product obsolescence in the industries in which the Company competes.","External Events: Threats, External Events: Impacts"
"The Company relies on access to third-party intellectual property, which may not be available to the Company on commercially reasonable terms or at all.",None
"The Company&#8217;s products and services are designed to include intellectual property owned by third parties, which requires licenses from those third parties.",None
"Based on experience and industry practice, the Company believes licenses to such third-party intellectual property can generally be obtained on commercially reasonable terms.",None
"Failure to obtain the right to use third-party intellectual property, or to use such intellectual property on commercially reasonable terms, can preclude the Company from selling certain products or services, or otherwise have a material adverse impact on the Company&#8217;s business, results of operations and financial condition.","External Events: Impacts, External Events: Threats, Failed Internal Processes: Vendor/Third-Party"
The Company&#8217;s future performance depends in part on support from third-party software developers.,External Events: Impacts
The Company believes decisions by customers to purchase its hardware products depend in part on the availability of third-party software applications and services.,"External Events: Impacts, Actions of People: Deliberate"
There can be no assurance third-party developers will continue to develop and maintain software applications and services for the Company&#8217;s products.,"External Events: Threats, External Events: Impacts, Failed Internal Processes: Vendor/Third-Party"
"If third-party software applications and services cease to be developed and maintained for the Company&#8217;s products, customers may choose not to buy the Company&#8217;s products.","Actions of People: Deliberate, External Events: Impacts, External Events: Threats, Systems and Technology Failures: Software"
"The Company believes the availability of third-party software applications and services for its products depends in part on the developers&#8217; perception and analysis of the relative benefits of developing, maintaining and upgrading such software and services for the Company&#8217;s products compared to competitors&#8217; platforms, such as Android for smartphones and tablets, Windows for personal computers and tablets, and PlayStation, Nintendo and Xbox for gaming platforms.",None
"The Company&#8217;s minority market share in the global smartphone, personal computer and tablet markets can make developers less inclined to develop or upgrade software for the Company&#8217;s products and more inclined to devote their resources to developing and upgrading software for competitors&#8217; products with larger market share.","Actions of People: Deliberate, External Events: Impacts, Actions of People: Inaction"
The Company relies on the continued availability and development of compelling and innovative software applications for its products.,None
"The Company&#8217;s products and operating systems are subject to rapid technological change, and when third-party developers are unable to or choose not to keep up with this pace of change, their applications can fail to take advantage of these changes to deliver improved customer experiences, can operate incorrectly, and can result in dissatisfied customers and lower customer demand for the Company&#8217;s products.","External Events: Impacts, External Events: Threats, Systems and Technology Failures: Software, Failed Internal Processes: Vendor/Third-Party"
"Apple Inc. | 2023 Form 10-K | 9 

The Company distributes third-party applications for its products through the App Store.","Actions of People: Deliberate, External Events: Impacts, Failed Internal Processes: Process Design/Execution"
"Failure to obtain or create digital content that appeals to the Company&#8217;s customers, or to make such content available on commercially reasonable terms, could have a material adverse impact on the Company&#8217;s business, results of operations and financial condition.",Actions of People: Deliberate
"This includes the right to sell, or offer subscriptions to, third-party content, as well as the right to incorporate specific content into the Company&#8217;s own services.",None
"Some third-party content providers and distributors currently or in the future may offer competing products and services, and can take actions to make it difficult or impossible for the Company to license or otherwise distribute their content.","External Events: Threats, External Events: Impacts, Actions of People: Deliberate"
Some third-party digital content providers require the Company to provide digital rights management and other security solutions.,External Events: Impacts
"The Company depends on the performance of carriers, wholesalers, retailers and other resellers.",External Events: Impacts
"The Company also sells its products and services and resells third-party products in most of its major markets directly to consumers, small and mid-sized businesses, and education, enterprise and government customers through its retail and online stores and its direct sales force.","Actions of People: Deliberate, External Events: Impacts"
The Company&#8217;s business and reputation are impacted by information technology system failures and network disruptions.,None
"The Company and its global supply chain are dependent on complex information technology systems and are exposed to information technology system failures or network disruptions caused by natural disasters, accidents, power disruptions, telecommunications failures, acts of terrorism or war, computer viruses, physical or electronic break-ins, ransomware or other cybersecurity incidents, or other events or disruptions.","External Events: Threats, External Events: Impacts"
"System upgrades, redundancy and other continuity measures may be ineffective or inadequate, and the Company&#8217;s or its vendors&#8217; business continuity and disaster recovery planning may not be sufficient for all eventualities.",None
"Such failures or disruptions can adversely impact the Company&#8217;s business by, among other things, preventing access to the Company&#8217;s online services, interfering with customer transactions or impeding the manufacturing and shipping of the Company&#8217;s products.","External Events: Threats, External Events: Impacts"
"Losses or unauthorized access to or releases of confidential information, including personal information, could subject the Company to significant reputational, financial, legal and operational consequences.",Actions of People: Deliberate
"But these measures cannot provide absolute security, and losses or unauthorized access to or releases of confidential information occur and could materially adversely affect the Company&#8217;s business, reputation, results of operations and financial condition.","External Events: Threats, Actions of People: Deliberate, External Events: Impacts"
The Company relies on global suppliers that are also exposed to ransomware and other malicious attacks that can disrupt business operations.,"External Events: Threats, External Events: Impacts"
"Although the Company takes steps to secure confidential information that is provided to or accessible by third parties working on the Company&#8217;s behalf, such measures are not always effective and losses or unauthorized access to, or releases of, confidential information occur.","External Events: Threats, External Events: Impacts, Failed Internal Processes: Vendor/Third-Party"
"Such incidents and other malicious attacks could materially adversely affect the Company&#8217;s business, reputation, results of operations and financial condition.","External Events: Threats, External Events: Impacts, Actions of People: Deliberate"
The Company experiences malicious attacks and other attempts to gain unauthorized access to its systems on a regular basis.,"External Events: Threats, Actions of People: Deliberate"
"These attacks seek to compromise the confidentiality, integrity or availability of confidential information or disrupt normal business operations, and can, among other things, impair the Company&#8217;s ability to attract and retain customers for its products and services, impact the Company&#8217;s stock price, materially damage commercial relationships, and expose the Company to litigation or government investigations, which could result in penalties, fines or judgments against the Company.","External Events: Threats, External Events: Impacts, Actions of People: Deliberate"
"Globally, attacks are expected to continue accelerating in both frequency and sophistication with increasing use by actors of tools and techniques that are designed to circumvent controls, avoid detection, and remove or obfuscate forensic evidence, all of which hinders the Company&#8217;s ability to identify, investigate and recover from incidents.","External Events: Threats, Actions of People: Deliberate, External Events: Impacts"
"In addition, attacks against the Company and its customers can escalate during periods of severe diplomatic or armed conflict.","External Events: Threats, Actions of People: Deliberate"
"Although malicious attacks perpetrated to gain access to confidential information, including personal information, affect many companies across various industries, the Company is at a relatively greater risk of being targeted because of its high profile and the value of the confidential information it creates, owns, manages, stores and processes.",Actions of People: Deliberate
"The Company has implemented systems and processes intended to secure its information technology systems and prevent unauthorized access to or loss of sensitive data, and mitigate the impact of unauthorized access, including through the use of encryption and authentication technologies.",None
"As with all companies, these security measures may not be sufficient for all eventualities and may be vulnerable to hacking, ransomware attacks, employee error, malfeasance, system error, faulty password management or other irregularities.","Actions of People: Inadvertent, External Events: Threats, Actions of People: Deliberate"
"For example, third parties can fraudulently induce the Company&#8217;s or its vendors&#8217; employees or customers into disclosing usernames, passwords or other sensitive information, which can, in turn, be used for unauthorized access to the Company&#8217;s or its vendors&#8217; systems and services.","External Events: Threats, Actions of People: Deliberate, External Events: Impacts, Failed Internal Processes: Vendor/Third-Party"
"To help protect customers and the Company, the Company deploys and makes available technologies like multifactor authentication, monitors its services and systems for unusual activity and may freeze accounts under suspicious circumstances, which, among other things, can result in the delay or loss of customer orders or impede customer access to the Company&#8217;s products and services.",None
"While the Company maintains insurance coverage that is intended to address certain aspects of data security risks, such insurance coverage may be insufficient to cover all losses or all types of claims that may arise.",None
"Such endeavors may involve significant risks and uncertainties, including distraction of management from current operations, greater-than-expected liabilities and expenses, economic, political, legal and regulatory challenges associated with operating in new businesses, regions or countries, inadequate return on capital, potential impairment of tangible and intangible assets, and significant write-offs.","External Events: Threats, External Events: Impacts"
"Except as described in Part I, Item 3 of this Form 10-K under the heading &#8220;Legal Proceedings&#8221; and in Part II, Item 8 of this Form 10-K in the Notes to Consolidated Financial Statements in Note 12, &#8220;Commitments, Contingencies and Supply Concentrations&#8221; under the heading &#8220;Contingencies,&#8221; in the opinion of management, there was not at least a reasonable possibility the Company may have incurred a material loss, or a material loss greater than a recorded accrual, concerning loss contingencies for asserted legal and other claims.",None
"If one or more legal matters were resolved against the Company or an indemnified third party in a reporting period for amounts above management&#8217;s expectations, the Company&#8217;s results of operations and financial condition for that reporting period could be materially adversely affected.","External Events: Impacts, External Events: Threats"
"While the Company maintains insurance coverage for certain types of claims, such insurance coverage may be insufficient to cover all losses or all types of claims that may arise.",None
"The Company&#8217;s global operations are subject to complex and changing laws and regulations on subjects, including antitrust; privacy, data security and data localization; consumer protection; advertising, sales, billing and e-commerce; financial services and technology; product liability; intellectual property ownership and infringement; digital platforms; machine learning and artificial intelligence; internet, telecommunications and mobile communications; media, television, film and digital content; availability of third-party software applications and services; labor and employment; anticorruption; import, export and trade; foreign exchange controls and cash repatriation restrictions; anti&#8211;money laundering; foreign ownership and investment; tax; and environmental, health and safety, including electronic waste, recycling, product design and climate change.",None
"New and changing laws and regulations can adversely affect the Company&#8217;s business by increasing the Company&#8217;s costs, limiting the Company&#8217;s ability to offer a product, service or feature to customers, imposing changes to the design of the Company&#8217;s products and services, impacting customer demand for the Company&#8217;s products and services, and requiring changes to the Company&#8217;s supply chain and its business.","External Events: Threats, External Events: Impacts"
"The Company has implemented policies and procedures designed to ensure compliance with applicable laws and regulations, but there can be no assurance the Company&#8217;s employees, contractors or agents will not violate such laws and regulations or the Company&#8217;s policies and procedures.","Actions of People: Deliberate, Actions of People: Inadvertent, External Events: Threats"
"Although the Company has programs, policies and procedures in place that are designed to satisfy regulatory requirements, there can be no assurance that such policies and procedures will be effective in preventing a violation or a claim of a violation.",External Events: Threats
"Responding to these environmental, social and governance considerations and implementation of these goals and initiatives involves risks and uncertainties, requires investments, and depends in part on third-party performance or data that is outside the Company&#8217;s control.","External Events: Threats, External Events: Impacts"
"Changes to the Company&#8217;s business practices to comply with new laws and regulations or in connection with other legal proceedings could negatively impact the reputation of the Company&#8217;s products for privacy and security and otherwise adversely affect the experience for users of the Company&#8217;s products and services, and result in harm to the Company&#8217;s reputation, loss of competitive advantage, poor market acceptance, reduced demand for products and services, and lost sales.","External Events: Threats, External Events: Impacts"
"In many cases, these laws apply not only to third-party transactions, but also restrict transfers of personal information among the Company and its international subsidiaries.","External Events: Impacts, External Events: Threats"
"Health data and financial data are subject to additional privacy, security and breach notification requirements, and the Company is subject to audit by governmental authorities regarding the Company&#8217;s compliance with these obligations.",None
"The Company could also experience a significant increase in payment card transaction costs or lose the ability to process payment cards if it fails to follow payment card industry data security standards, which could materially adversely affect the Company&#8217;s business, reputation, results of operations and financial condition.","External Events: Threats, External Events: Impacts"
"The Company could also be subject to unexpected developments, such as lower-than-anticipated demand for the Company&#8217;s products or services, issues with new product or service introductions, information technology system failures or network disruptions, or failure of one of the Company&#8217;s logistics, components supply, or manufacturing partners.",External Events: Threats
The Company&#8217;s financial performance is subject to risks associated with changes in the value of the U.S. dollar relative to local currencies.,"External Events: Threats, External Events: Impacts"
"Conversely, a strengthening of foreign currencies relative to the U.S. dollar, while generally beneficial to the Company&#8217;s foreign currency&#8211;denominated sales and earnings, could cause the Company to reduce international pricing or incur losses on its foreign currency derivative instruments, thereby limiting the benefit.","External Events: Impacts, External Events: Threats, Actions of People: Deliberate"
"Therefore, although the Company has not realized any significant losses on its cash, cash equivalents and marketable securities, future fluctuations in their value could result in significant losses and could have a material adverse impact on the Company&#8217;s results of operations and financial condition.","External Events: Impacts, External Events: Threats"
"Apple Inc. | 2023 Form 10-K | 15 

The Company is exposed to credit risk on its trade accounts receivable, vendor non-trade receivables and prepayments related to long-term supply agreements, and this risk is heightened during periods when economic conditions worsen.",External Events: Threats
"The Company distributes its products and certain of its services through third-party cellular network carriers, wholesalers, retailers and resellers.",External Events: Impacts
"A substantial majority of the Company&#8217;s outstanding trade receivables are not covered by collateral, third-party bank support or financing arrangements, or credit insurance, and a significant portion of the Company&#8217;s trade receivables can be concentrated within cellular network carriers or other resellers.",Actions of People: Deliberate
The Company also has unsecured vendor non-trade receivables resulting from purchases of components by outsourcing partners and other vendors that manufacture subassemblies or assemble final products for the Company.,None
"As of September 30, 2023, the Company&#8217;s vendor non-trade receivables and prepayments related to long-term supply agreements were concentrated among a few individual vendors located primarily in Asia.","Failed Internal Processes: Vendor/Third-Party, External Events: Impacts, Actions of People: Deliberate, Failed Internal Processes: Process Design/Execution"
"While the Company has procedures to monitor and limit exposure to credit risk on its trade and vendor non-trade receivables, as well as long-term prepayments, there can be no assurance such procedures will effectively limit its credit risk and avoid losses.",None
"Additionally, the Company, the technology industry and the stock market as a whole have, from time to time, experienced extreme stock price and volume fluctuations that have affected stock prices in ways that may have been unrelated to these companies&#8217; operating performance.","External Events: Impacts, External Events: Threats"
